{"info":{"description":"my-project-name"},"images":[{"id":1,"width":4864,"height":3648,"file_name":"IMG_8680.JPG"},{"id":2,"width":4864,"height":3648,"file_name":"IMG_8682.JPG"},{"id":3,"width":4864,"height":3648,"file_name":"IMG_8683.JPG"},{"id":4,"width":4864,"height":3648,"file_name":"IMG_8684.JPG"},{"id":5,"width":4864,"height":3648,"file_name":"IMG_8685.JPG"},{"id":6,"width":4864,"height":3648,"file_name":"IMG_8686.JPG"},{"id":7,"width":4864,"height":3648,"file_name":"IMG_8687.JPG"},{"id":8,"width":4864,"height":3648,"file_name":"IMG_8689.JPG"},{"id":9,"width":4864,"height":3648,"file_name":"IMG_8690.JPG"},{"id":10,"width":4864,"height":3648,"file_name":"IMG_8691.JPG"},{"id":11,"width":4864,"height":3648,"file_name":"IMG_8692.JPG"},{"id":12,"width":4864,"height":3648,"file_name":"IMG_8693.JPG"},{"id":13,"width":4864,"height":3648,"file_name":"IMG_8694.JPG"},{"id":14,"width":4864,"height":3648,"file_name":"IMG_8695.JPG"},{"id":15,"width":4864,"height":3648,"file_name":"IMG_8696.JPG"},{"id":16,"width":4864,"height":3648,"file_name":"IMG_8697.JPG"},{"id":17,"width":4864,"height":3648,"file_name":"IMG_8699.JPG"},{"id":18,"width":4864,"height":3648,"file_name":"IMG_8700.JPG"},{"id":19,"width":4864,"height":3648,"file_name":"IMG_8701.JPG"},{"id":20,"width":4864,"height":3648,"file_name":"IMG_8702.JPG"},{"id":21,"width":4864,"height":3648,"file_name":"IMG_8703.JPG"},{"id":22,"width":4864,"height":3648,"file_name":"IMG_8705.JPG"},{"id":23,"width":4864,"height":3648,"file_name":"IMG_8707.JPG"},{"id":24,"width":4864,"height":3648,"file_name":"IMG_8708.JPG"},{"id":25,"width":4864,"height":3648,"file_name":"IMG_8709.JPG"},{"id":26,"width":4864,"height":3648,"file_name":"IMG_8711.JPG"},{"id":27,"width":4864,"height":3648,"file_name":"IMG_8712.JPG"},{"id":28,"width":4864,"height":3648,"file_name":"IMG_8713.JPG"},{"id":29,"width":4864,"height":3648,"file_name":"IMG_8714.JPG"},{"id":30,"width":4864,"height":3648,"file_name":"IMG_8715.JPG"},{"id":31,"width":4864,"height":3648,"file_name":"IMG_8719.JPG"},{"id":32,"width":4864,"height":3648,"file_name":"IMG_8720.JPG"},{"id":33,"width":4864,"height":3648,"file_name":"IMG_8721.JPG"},{"id":34,"width":4864,"height":3648,"file_name":"IMG_8722.JPG"},{"id":35,"width":4864,"height":3648,"file_name":"IMG_8723.JPG"},{"id":36,"width":4864,"height":3648,"file_name":"IMG_8724.JPG"},{"id":37,"width":4864,"height":3648,"file_name":"IMG_8725.JPG"},{"id":38,"width":4864,"height":3648,"file_name":"IMG_8727.JPG"},{"id":39,"width":4864,"height":3648,"file_name":"IMG_8728.JPG"},{"id":40,"width":4864,"height":3648,"file_name":"IMG_8729.JPG"},{"id":41,"width":4864,"height":3648,"file_name":"IMG_8730.JPG"},{"id":42,"width":4864,"height":3648,"file_name":"IMG_8731.JPG"},{"id":43,"width":4864,"height":3648,"file_name":"IMG_8732.JPG"},{"id":44,"width":5472,"height":3648,"file_name":"IMG_8886.JPG"},{"id":45,"width":5472,"height":3648,"file_name":"IMG_8888.JPG"},{"id":46,"width":5472,"height":3648,"file_name":"IMG_8889.JPG"},{"id":47,"width":5472,"height":3648,"file_name":"IMG_8890.JPG"},{"id":48,"width":5472,"height":3648,"file_name":"IMG_8893.JPG"},{"id":49,"width":5472,"height":3648,"file_name":"IMG_8894.JPG"},{"id":50,"width":5472,"height":3648,"file_name":"IMG_8895.JPG"},{"id":51,"width":5472,"height":3648,"file_name":"IMG_8896.JPG"},{"id":52,"width":5472,"height":3648,"file_name":"IMG_8897.JPG"},{"id":53,"width":5472,"height":3648,"file_name":"IMG_8898.JPG"},{"id":54,"width":5472,"height":3648,"file_name":"IMG_8899.JPG"},{"id":55,"width":5472,"height":3648,"file_name":"IMG_8901.JPG"},{"id":56,"width":5472,"height":3648,"file_name":"IMG_8902.JPG"},{"id":57,"width":5472,"height":3648,"file_name":"IMG_8903.JPG"},{"id":58,"width":5472,"height":3648,"file_name":"IMG_8904.JPG"},{"id":59,"width":5472,"height":3648,"file_name":"IMG_8905.JPG"},{"id":60,"width":5472,"height":3648,"file_name":"IMG_8906.JPG"},{"id":61,"width":5472,"height":3648,"file_name":"IMG_8907.JPG"},{"id":62,"width":5472,"height":3648,"file_name":"IMG_8908.JPG"},{"id":63,"width":5472,"height":3648,"file_name":"IMG_8909.JPG"},{"id":64,"width":5472,"height":3648,"file_name":"IMG_8910.JPG"},{"id":65,"width":5472,"height":3648,"file_name":"IMG_8911.JPG"},{"id":66,"width":5472,"height":3648,"file_name":"IMG_8912.JPG"},{"id":67,"width":5472,"height":3648,"file_name":"IMG_9122.JPG"},{"id":68,"width":5472,"height":3648,"file_name":"IMG_9123.JPG"},{"id":69,"width":5472,"height":3648,"file_name":"IMG_9124.JPG"},{"id":70,"width":5472,"height":3648,"file_name":"IMG_9125.JPG"},{"id":71,"width":5472,"height":3648,"file_name":"IMG_9127.JPG"},{"id":72,"width":5472,"height":3648,"file_name":"IMG_9128.JPG"},{"id":73,"width":5472,"height":3648,"file_name":"IMG_9129.JPG"},{"id":74,"width":5472,"height":3648,"file_name":"IMG_9130.JPG"},{"id":75,"width":5472,"height":3648,"file_name":"IMG_9131.JPG"},{"id":76,"width":5472,"height":3648,"file_name":"IMG_9132.JPG"},{"id":77,"width":5472,"height":3648,"file_name":"IMG_9133.JPG"},{"id":78,"width":5472,"height":3648,"file_name":"IMG_9134.JPG"},{"id":79,"width":5472,"height":3648,"file_name":"IMG_9835.JPG"},{"id":80,"width":5472,"height":3648,"file_name":"IMG_9836.JPG"},{"id":81,"width":5472,"height":3648,"file_name":"IMG_9837.JPG"},{"id":82,"width":5472,"height":3648,"file_name":"IMG_9838.JPG"},{"id":83,"width":5472,"height":3648,"file_name":"IMG_9839.JPG"},{"id":84,"width":5472,"height":3648,"file_name":"IMG_9840.JPG"},{"id":85,"width":5472,"height":3648,"file_name":"IMG_9842.JPG"},{"id":86,"width":5472,"height":3648,"file_name":"IMG_9843.JPG"},{"id":87,"width":5472,"height":3648,"file_name":"IMG_9846.JPG"},{"id":88,"width":5472,"height":3648,"file_name":"IMG_9847.JPG"},{"id":89,"width":5472,"height":3648,"file_name":"IMG_9848.JPG"},{"id":90,"width":5472,"height":3648,"file_name":"IMG_9849.JPG"},{"id":91,"width":5472,"height":3648,"file_name":"IMG_9850.JPG"},{"id":92,"width":5472,"height":3648,"file_name":"IMG_9851.JPG"},{"id":93,"width":5472,"height":3648,"file_name":"IMG_9852.JPG"},{"id":94,"width":5472,"height":3648,"file_name":"IMG_9853.JPG"},{"id":95,"width":5472,"height":3648,"file_name":"IMG_9854.JPG"},{"id":96,"width":5472,"height":3648,"file_name":"IMG_9855.JPG"},{"id":97,"width":5472,"height":3648,"file_name":"IMG_9856.JPG"},{"id":98,"width":5472,"height":3648,"file_name":"IMG_9857.JPG"},{"id":99,"width":5472,"height":3648,"file_name":"IMG_9858.JPG"},{"id":100,"width":5472,"height":3648,"file_name":"IMG_9859.JPG"},{"id":101,"width":5472,"height":3648,"file_name":"IMG_9860.JPG"},{"id":102,"width":5472,"height":3648,"file_name":"IMG_9861.JPG"},{"id":103,"width":5472,"height":3648,"file_name":"IMG_9862.JPG"}],"annotations":[{"id":0,"iscrowd":0,"image_id":1,"category_id":1,"segmentation":[[2104.615384615383,1891.5002727768672,2192.5150027277673,1762.1385706492076,2263.829787234041,1674.2389525368237,2326.8521549372595,1616.192034915438,2534.162575013637,1700.7746863066,2608.7943262411327,1735.6028368794314,2627.037643207854,1811.8930714675382,2620.40370976541,1881.549372613201,2482.7495908346955,2087.2013093289675,2391.5330060010892,2117.054009819966,2111.249318057827,1972.765957446807]],"bbox":[2104.615384615383,1616.192034915438,522.4222585924713,500.86197490452787],"area":171924.19392426335},{"id":1,"iscrowd":0,"image_id":2,"category_id":1,"segmentation":[[2136.1265684669925,1869.939989088924,2263.829787234041,1700.7746863066,2305.2918712493165,1672.5804691762125,2593.8679759956335,1609.558101472994,2681.767594108018,1609.558101472994,2698.3524277141278,1636.0938352427702,2648.597926895797,1821.8439716312043,2607.135842880522,1904.7681396617552,2570.6492089470794,1949.5471903982527,2457.87234042553,1974.424440807418,2373.289689034368,1982.7168576104732,2310.2673213311496,1969.448990725585,2137.7850518276036,1913.0605564648104,2129.4926350245482,1879.8908892525901]],"bbox":[2129.4926350245482,1609.558101472994,568.8597926895795,373.15875613747926],"area":144976.88846268412},{"id":2,"iscrowd":0,"image_id":3,"category_id":1,"segmentation":[[2157.686852154936,1745.5537370430975,2225.6846699399875,1679.2144026186568,2343.43698854337,1632.7768685215483,2419.727223131477,1607.899618112383,2481.0911074740843,1636.0938352427702,2562.3567921440244,1697.4577195853778,2656.8903436988526,1762.1385706492076,2706.644844517183,1815.2100381887603,2746.448445171847,1874.915439170757,2729.8636115657373,1911.4020731041994,2529.1871249318037,2012.5695581014716,2446.262956901253,2014.2280414620825,2384.8990725586455,1971.1074740861961,2152.711402073103,1813.5515548281492,2142.7605019094367,1772.0894708128737]],"bbox":[2142.7605019094367,1607.899618112383,603.6879432624105,406.3284233496995],"area":149328.2855475283},{"id":3,"iscrowd":0,"image_id":4,"category_id":1,"segmentation":[[2187.5395526459342,1846.7212220403696,2220.7092198581545,1616.192034915438,2308.6088379705384,1568.0960174577185,2673.4751773049625,1586.3393344244396,2728.205128205126,1621.167484997271,2756.3993453355133,1665.9465357337685,2726.5466448445154,1903.1096563011442,2681.767594108018,1937.9378068739757,2635.330060010909,1961.15657392253,2582.2585924713567,1969.448990725585,2252.2204037097636,1941.2547735951978,2212.4168030550995,1914.7190398254213,2184.222585924712,1861.6475722858688]],"bbox":[2184.222585924712,1568.0960174577185,572.1767594108014,401.35297326786645],"area":196306.59560479497},{"id":4,"iscrowd":0,"image_id":5,"category_id":1,"segmentation":[[2126.1756683033263,1846.7212220403696,2217.3922531369326,1745.5537370430975,2321.8767048554264,1707.408619749044,2434.653573376976,1667.6050190943795,2529.1871249318037,1646.0447354064363,2577.2831423895236,1644.3862520458254,2698.3524277141278,1672.5804691762125,2696.693944353517,1700.7746863066,2622.062193126021,1830.1363884342595,2567.3322422258575,1891.5002727768672,2467.8232405891963,1934.6208401527535,2378.265139116201,1962.815057283141,2288.707037643206,1959.4980905619188,2215.7337697763214,1934.6208401527535,2127.8341516639375,1883.207855973812]],"bbox":[2126.1756683033263,1644.3862520458254,572.1767594108014,318.4288052373156],"area":118810.7440454132},{"id":5,"iscrowd":0,"image_id":6,"category_id":1,"segmentation":[[2250.561920349153,1752.1876704855415,2263.829787234041,1702.433169667211,2270.463720676485,1679.2144026186568,2482.7495908346955,1566.4375340971073,2534.162575013637,1576.3884342607735,2585.5755591925786,1597.9487179487169,2744.7899618112365,1796.966721222039,2753.0823786142914,1836.7703218767035,2739.8145117294034,1886.5248226950341,2714.937261320238,1904.7681396617552,2500.9929078014165,2027.4959083469707,2394.8499727223116,2000.9601745771945,2277.097654118929,1845.0627386797587,2247.2449536279305,1790.332787779595,2247.2449536279305,1760.4800872885967]],"bbox":[2247.2449536279305,1566.4375340971073,505.83742498636093,461.0583742498634],"area":154818.41739414586},{"id":6,"iscrowd":0,"image_id":7,"category_id":1,"segmentation":[[2132.8096017457706,1815.2100381887603,2147.7359519912698,1791.991271140206,2205.7828696126553,1732.2858701582093,2277.097654118929,1692.4822695035448,2355.046372067647,1652.6786688488803,2432.995090016365,1667.6050190943795,2583.9170758319674,1710.725586470266,2665.1827605019075,1755.5046372067636,2724.8881614839042,1813.5515548281492,2723.229678123293,1868.2815057283128,2544.113475177303,1954.5226404800858,2461.189307146752,1967.790507364974,2162.662302236769,1869.939989088924]],"bbox":[2132.8096017457706,1652.6786688488803,592.0785597381337,315.1118385160937],"area":122453.87011297079},{"id":7,"iscrowd":0,"image_id":8,"category_id":1,"segmentation":[[2152.711402073103,1813.5515548281492,2414.751773049644,1519.9999999999989,2454.5553737043083,1501.7566830332778,2628.696126568465,1665.9465357337685,2645.2809601745753,1762.1385706492076,2618.745226404799,1858.3306055646467,2525.870158210582,1976.0829241680292,2446.262956901253,2022.5204582651377,2358.363338788869,2052.373158756136,2300.3164211674834,2065.641025641024,2257.1958537915966,2004.2771412984164,2146.0774686306586,1879.8908892525901]],"bbox":[2146.0774686306586,1501.7566830332778,499.2034915439167,563.8843426077462],"area":174022.87658907758},{"id":8,"iscrowd":0,"image_id":9,"category_id":1,"segmentation":[[2131.1511183851594,1831.7948717948705,2167.637752318602,1646.0447354064363,2222.367703218765,1611.2165848336049,2612.111292962355,1594.6317512274948,2653.5733769776302,1611.2165848336049,2651.9148936170195,1647.7032187670472,2605.477359519911,1783.6988543371508,2564.015275504635,1901.4511729405333,2471.140207310418,1976.0829241680292,2403.1423895253665,1987.6923076923063,2328.5106382978706,1971.1074740861961,2210.7583196944884,1931.3038734315317,2139.4435351882144,1873.2569558101459]],"bbox":[2131.1511183851594,1594.6317512274948,522.4222585924708,393.0605564648115],"area":158335.01737706174},{"id":9,"iscrowd":0,"image_id":10,"category_id":1,"segmentation":[[2154.3698854337135,1818.5270049099822,2156.0283687943247,1785.357337697762,2247.2449536279305,1704.091653027822,2374.9481723949793,1636.0938352427702,2434.653573376976,1612.875068194216,2504.3098745226384,1607.899618112383,2632.0130932896873,1715.7010365520991,2703.327877795961,1785.357337697762,2784.593562465901,1891.5002727768672,2786.2520458265117,1929.6453900709205,2749.7654118930695,1951.205673758864,2743.1314784506253,1971.1074740861961,2394.8499727223116,2032.4713584288038,2355.046372067647,2009.2525913802494,2156.0283687943247,1828.4779050736483]],"bbox":[2154.3698854337135,1607.899618112383,631.8821603927981,424.5717403164208],"area":172144.23928885726},{"id":10,"iscrowd":0,"image_id":11,"category_id":1,"segmentation":[[2300.3164211674834,2009.2525913802494,2290.3655210038173,1942.9132569558087,2321.8767048554264,1851.6966721222027,2363.338788870702,1830.1363884342595,2437.970540098198,1821.8439716312043,2527.528641571193,1836.7703218767035,2603.8188761592996,1869.939989088924,2617.086743044188,1896.4757228587002,2535.821058374248,2020.8619749045267,2517.577741407527,2039.1052918712478]],"bbox":[2290.3655210038173,1821.8439716312043,326.7212220403708,217.26132024004346],"area":53046.060985943164},{"id":11,"iscrowd":0,"image_id":12,"category_id":1,"segmentation":[[2325.1936715766487,1921.3529732678655,2350.070921985814,1874.915439170757,2428.019639934532,1810.2345881069273,2507.626841243861,1762.1385706492076,2575.6246590289124,1763.7970540098186,2658.5488270594633,1855.0136388434248,2620.40370976541,1923.0114566284765,2570.6492089470794,1989.3507910529172,2487.7250409165285,2042.42225859247,2432.995090016365,2052.373158756136,2321.8767048554264,1931.3038734315317]],"bbox":[2321.8767048554264,1762.1385706492076,336.6721222040369,290.2345881069284],"area":60583.99000681267},{"id":12,"iscrowd":0,"image_id":13,"category_id":1,"segmentation":[[2257.1958537915966,1840.0872885979256,2282.073104200762,1747.2122204037084,2524.2116748499707,1732.2858701582093,2535.821058374248,1745.5537370430975,2559.039825422802,1981.0583742498623,2552.4058919803583,1994.3262411347503,2515.9192580469157,2002.6186579378054,2277.097654118929,2017.5450081833046,2265.488270594652,1989.3507910529172]],"bbox":[2257.1958537915966,1732.2858701582093,301.8439716312055,285.25913802509535],"area":75958.28457428186},{"id":13,"iscrowd":0,"image_id":14,"category_id":1,"segmentation":[[2295.3409710856504,1748.8707037643196,2355.046372067647,1700.7746863066,2386.557555919256,1695.799236224767,2519.2362247681376,1704.091653027822,2544.113475177303,1714.0425531914882,2630.354609929076,1796.966721222039,2635.330060010909,1823.5024549918153,2608.7943262411327,1848.3797054009806,2447.921440261864,1899.7926895799221]],"bbox":[2295.3409710856504,1695.799236224767,339.9890889252588,203.99345335515522],"area":43601.98899427915},{"id":14,"iscrowd":0,"image_id":15,"category_id":1,"segmentation":[[2287.048554282595,1796.966721222039,2300.3164211674834,1768.7725040916516,2364.997272231313,1747.2122204037084,2568.990725586468,1768.7725040916516,2623.720676486632,1808.576104746316,2665.1827605019075,1856.6721222040358,2666.8412438625187,1899.7926895799221,2656.8903436988526,1913.0605564648104,2469.4817239498075,1969.448990725585,2447.921440261864,1964.473540643752]],"bbox":[2287.048554282595,1747.2122204037084,379.7926895799237,222.23677032187652],"area":54767.91596389038},{"id":15,"iscrowd":0,"image_id":16,"category_id":1,"segmentation":[[2174.271685761046,1803.600654664483,2195.831969448989,1752.1876704855415,2235.6355701036537,1675.8974358974347,2263.829787234041,1660.9710856519355,2364.997272231313,1702.433169667211,2467.8232405891963,1763.7970540098186,2535.821058374248,1840.0872885979256,2512.602291325694,1913.0605564648104,2466.164757228585,1989.3507910529172,2418.0687397708657,2005.9356246590276,2363.338788870702,1986.0338243316953,2288.707037643206,1944.5717403164197,2219.0507364975433,1893.1587561374781]],"bbox":[2174.271685761046,1660.9710856519355,361.5493726132022,344.96453900709207],"area":78135.35840023284},{"id":16,"iscrowd":0,"image_id":17,"category_id":1,"segmentation":[[2172.613202400435,1851.6966721222027,2232.3186033824313,1808.576104746316,2361.680305510091,1757.1631205673746,2429.678123295143,1762.1385706492076,2564.015275504635,1863.3060556464798,2597.184942716856,1891.5002727768672,2593.8679759956335,1932.9623567921426,2570.6492089470794,1954.5226404800858,2283.731587561373,1987.6923076923063,2177.588652482268,1894.817239498089,2172.613202400435,1859.9890889252579]],"bbox":[2172.613202400435,1757.1631205673746,424.5717403164208,230.5291871249317],"area":67065.70127763144},{"id":17,"iscrowd":0,"image_id":18,"category_id":1,"segmentation":[[2109.737171464329,1861.476846057571,2256.220275344179,1669.3366708385472,2381.7772215269074,1621.7772215269079,2450.262828535668,1640.8010012515635,2653.8172715894852,1730.2127659574458,2665.2315394242787,1825.331664580725,2634.79349186483,1905.2315394242794,2495.919899874842,2055.5193992490604,2408.4105131414253,2089.7622027534408,2292.365456821025,2044.1051314142667,2102.127659574467,1956.59574468085]],"bbox":[2102.127659574467,1621.7772215269079,563.1038798498116,467.9849812265329],"area":178728.19622776253},{"id":18,"iscrowd":0,"image_id":19,"category_id":1,"segmentation":[[2175.124620060789,1848.948328267476,2097.507598784193,1699.2583586626129,2090.1155015197555,1643.8176291793302,2115.987841945287,1601.3130699088135,2154.7963525835853,1568.048632218844,2491.1367781155,1466.4072948328258,2585.3860182370804,1507.063829787233,2714.74772036474,1762.091185410333,2685.179331306989,1837.8601823708193,2657.4589665653475,1858.188449848023,2633.4346504559253,1878.5167173252266,2282.310030395135,1972.765957446807,2197.3009118541017,1928.413373860181,2175.124620060789,1871.1246200607889]],"bbox":[2090.1155015197555,1466.4072948328258,624.6322188449844,506.3586626139813],"area":218121.6022764013},{"id":19,"iscrowd":0,"image_id":20,"category_id":1,"segmentation":[[2115.063829787233,1917.787234042552,2110.7517730496443,1881.1347517730485,2192.6808510638284,1803.5177304964527,2272.4539007092185,1751.773049645389,2373.7872340425515,1725.9007092198572,2488.056737588651,1697.8723404255309,2546.269503546098,1693.5602836879423,2638.9787234042537,1760.3971631205663,2725.2198581560265,1840.1702127659564,2776.9645390070905,1889.7588652482257,2774.808510638296,1926.4113475177294,2720.907801418438,1965.2198581560272,2658.3829787234026,1997.560283687942,2455.716312056736,2042.836879432623,2367.319148936169,2060.0851063829773,2253.0496453900696,2047.1489361702115,2177.588652482268,2004.028368794325]],"bbox":[2110.7517730496443,1693.5602836879423,666.2127659574462,366.524822695035],"area":166819.2239826969},{"id":20,"iscrowd":0,"image_id":21,"category_id":1,"segmentation":[[2190.856519367156,1954.5226404800858,2192.5150027277673,1737.2613202400423,2366.655755591924,1636.0938352427702,2467.8232405891963,1627.8014184397152,2635.330060010909,1737.2613202400423,2636.9885433715203,1924.6699399890874,2547.4304418985253,1984.3753409710841,2497.6759410801947,2025.8374249863596,2416.4102564102545,2042.42225859247,2345.095471903981,2037.4468085106369,2290.3655210038173,2022.5204582651377,2227.3431533005983,1984.3753409710841]],"bbox":[2190.856519367156,1627.8014184397152,446.1320240043642,414.6208401527547],"area":148057.52356699842},{"id":21,"iscrowd":0,"image_id":22,"category_id":1,"segmentation":[[2225.4255319148924,2101.1170212765946,2096.063829787233,1903.031914893616,2112.23404255319,1848.4574468085095,2288.0851063829773,1777.7127659574458,2560.9574468085093,1862.6063829787222,2619.574468085105,1913.1382978723393,2680.2127659574453,2034.41489361702,2655.957446808509,2119.3085106382964,2599.361702127658,2143.563829787233,2472.021276595743,2163.7765957446795,2389.1489361702115,2171.861702127658]],"bbox":[2096.063829787233,1777.7127659574458,584.1489361702124,394.14893617021244],"area":157508.51629696682},{"id":22,"iscrowd":0,"image_id":23,"category_id":1,"segmentation":[[2215.319148936169,2026.3297872340413,2174.8936170212755,1945.4787234042542,2160.7446808510626,1850.4787234042542,2152.659574468084,1775.691489361701,2227.446808510637,1771.6489361702118,2352.765957446807,1773.6702127659564,2621.5957446808493,1969.7340425531904,2690.3191489361684,2113.2446808510626,2682.2340425531897,2165.7978723404244,2492.23404255319,2202.1808510638284,2356.8085106382964,2186.010638297871,2217.3404255319138,2044.5212765957435]],"bbox":[2152.659574468084,1771.6489361702118,537.6595744680844,430.53191489361666],"area":152050.20937075582},{"id":23,"iscrowd":0,"image_id":24,"category_id":1,"segmentation":[[2113.4905117883827,2075.905692926968,2087.2685451408843,1988.4991374353065,2213.133985048877,1749.005175388153,2332.0069005175374,1693.0649798734894,2641.4261069580202,1778.723404255318,2695.6181713628507,1825.9229442208155,2702.6106958021833,1887.1075330649787,2609.959746981022,2084.6463484761343,2555.7676825761914,2172.0529039677963,2505.0718803910277,2193.030477285795]],"bbox":[2087.2685451408843,1693.0649798734894,615.342150661299,499.96549741230547],"area":211516.90795441042},{"id":24,"iscrowd":0,"image_id":25,"category_id":1,"segmentation":[[2047.6595744680837,1925.9574468085093,2110.638297872339,1679.1489361702118,2200.8510638297857,1609.3617021276586,2583.829787234041,1634.8936170212755,2653.617021276594,1677.4468085106373,2684.2553191489346,1737.0212765957435,2619.574468085105,2005.9574468085093,2561.702127659573,2053.6170212765946,2095.319148936169,2016.1702127659562]],"bbox":[2047.6595744680837,1609.3617021276586,636.5957446808509,444.255319148936],"area":230515.8895427793},{"id":25,"iscrowd":0,"image_id":26,"category_id":1,"segmentation":[[2250.893617021275,1937.6534954407282,2271.2218844984786,1769.4832826747709,2413.519756838904,1671.5379939209715,2487.440729483281,1662.2978723404244,2563.209726443767,1665.9939209726433,2690.7234042553173,1752.851063829786,2712.89969604863,1775.027355623099,2690.7234042553173,1969.0699088145882,2611.258358662612,2022.6626139817615,2358.0790273556213,2028.2066869300897,2247.197568389056,1970.9179331306977]],"bbox":[2247.197568389056,1662.2978723404244,465.7021276595742,365.9088145896653],"area":138498.0647259353},{"id":26,"iscrowd":0,"image_id":27,"category_id":1,"segmentation":[[2225.6846699399875,1921.3529732678655,2227.3431533005983,1803.600654664483,2290.3655210038173,1748.8707037643196,2371.631205673757,1702.433169667211,2393.1914893617004,1690.8237861429338,2623.720676486632,1680.8728859792677,2685.0845608292398,1697.4577195853778,2832.6895799236204,1798.62520458265,2834.3480632842316,1926.3284233496986,2724.8881614839042,1997.6432078559724,2675.1336606655736,2029.1543917075817,2376.60665575559,2035.7883251500257,2277.097654118929,1977.7414075286401]],"bbox":[2225.6846699399875,1680.8728859792677,608.663393344244,354.91543917075796],"area":176358.10802083026},{"id":27,"iscrowd":0,"image_id":28,"category_id":1,"segmentation":[[2167.637752318602,2020.8619749045267,2169.2962356792127,1879.8908892525901,2325.1936715766487,1778.7234042553177,2550.747408619747,1767.1140207310407,2685.0845608292398,1798.62520458265,2769.667212220402,1873.2569558101459,2776.3011456628456,2009.2525913802494,2701.66939443535,2067.299509001635,2605.477359519911,2100.4691762138555,2607.135842880522,2098.8106928532443,2296.999454446261,2102.1276595744666]],"bbox":[2167.637752318602,1767.1140207310407,608.6633933442436,335.01363884342595],"area":171221.42404109164},{"id":28,"iscrowd":0,"image_id":29,"category_id":1,"segmentation":[[2159.3453355155466,1946.2302236770308,2253.8788870703747,1871.598472449535,2436.3120567375868,1767.1140207310407,2457.87234042553,1772.0894708128737,2552.4058919803583,1800.2836879432612,2743.1314784506253,1924.6699399890874,2756.3993453355133,1956.181123840697,2751.4238952536803,1966.132024004363,2476.1156573922513,2130.321876704854,2152.711402073103,1989.3507910529172,2149.3944353518805,1956.181123840697]],"bbox":[2149.3944353518805,1767.1140207310407,607.0049099836328,363.20785597381314],"area":126596.22410145076},{"id":29,"iscrowd":0,"image_id":30,"category_id":1,"segmentation":[[2089.6890343698838,1796.966721222039,2079.7381342062176,1762.1385706492076,2094.664484451717,1735.6028368794314,2197.4904528096004,1672.5804691762125,2398.1669394435335,1579.7054009819956,2446.262956901253,1583.0223677032177,2748.1069285324584,1813.5515548281492,2758.0578286961245,1859.9890889252579,2628.696126568465,1919.6944899072544,2454.5553737043083,1971.1074740861961,2348.412438625203,1989.3507910529172]],"bbox":[2079.7381342062176,1579.7054009819956,678.3196944899069,409.6453900709216],"area":166336.4169471071},{"id":30,"iscrowd":0,"image_id":31,"category_id":1,"segmentation":[[2227.3431533005983,1924.6699399890874,2197.4904528096004,1881.549372613201,2204.124386252044,1858.3306055646467,2267.1467539552627,1782.0403709765399,2565.6737588652463,1639.4108019639923,2675.1336606655736,1637.7523186033811,2700.010911074739,1669.2635024549907,2607.135842880522,1831.7948717948705,2564.015275504635,1878.232405891979,2456.213857064919,1931.3038734315317,2396.5084560829223,1939.5962902345866]],"bbox":[2197.4904528096004,1637.7523186033811,502.5204582651386,301.8439716312055],"area":88817.18556773743},{"id":31,"iscrowd":0,"image_id":32,"category_id":1,"segmentation":[[2263.829787234041,2020.8619749045267,2250.561920349153,1932.9623567921426,2253.8788870703747,1788.6743044189839,2268.805237315874,1773.7479541734847,2320.2182214948157,1745.5537370430975,2411.4348063284215,1728.9689034369874,2517.577741407527,1747.2122204037084,2567.3322422258575,1775.4064375340959,2572.3076923076906,1783.6988543371508,2559.039825422802,2029.1543917075817,2555.72285870158,2060.665575559191,2287.048554282595,2067.299509001635]],"bbox":[2250.561920349153,1728.9689034369874,321.7457719585377,338.33060556464784],"area":97638.25412089498},{"id":32,"iscrowd":0,"image_id":33,"category_id":1,"segmentation":[[2185.881069285323,1934.6208401527535,2170.954719039824,1884.8663393344232,2282.073104200762,1806.9176213857052,2494.3589743589723,1705.750136388433,2638.647026732131,1757.1631205673746,2711.6202945990162,1811.8930714675382,2709.961811238405,1850.0381887615918,2693.3769776322947,1871.598472449535,2383.2405891980343,2007.5941080196385]],"bbox":[2170.954719039824,1705.750136388433,540.6655755591923,301.8439716312055],"area":94950.95010579209},{"id":33,"iscrowd":0,"image_id":34,"category_id":1,"segmentation":[[2165.979268957991,1962.815057283141,2262.1713038734297,1722.3349699945431,2708.303327877794,1815.2100381887603,2600.5019094380777,2077.2504091653013,2562.3567921440244,2092.1767594108005,2165.979268957991,1991.0092744135284]],"bbox":[2165.979268957991,1722.3349699945431,542.3240589198031,369.84178941625737],"area":132222.50901741086},{"id":34,"iscrowd":0,"image_id":35,"category_id":1,"segmentation":[[2295.3409710856504,2080.567375886523,2142.7605019094367,1846.7212220403696,2167.637752318602,1830.1363884342595,2519.2362247681376,1689.165302782323,2675.1336606655736,1894.817239498089,2680.1091107474067,1937.9378068739757,2658.5488270594633,1967.790507364974,2568.990725586468,2010.9110747408606,2325.1936715766487,2107.1031096562997,2285.3900709219843,2103.7861429350774]],"bbox":[2142.7605019094367,1689.165302782323,537.34860883797,417.9378068739768],"area":131518.36385071022},{"id":35,"iscrowd":0,"image_id":36,"category_id":1,"segmentation":[[2097.981451172939,1936.2793235133647,2093.006001091106,1921.3529732678655,2255.537370430986,1682.5313693398787,2378.265139116201,1632.7768685215483,2456.213857064919,1629.4599018003262,2608.7943262411327,1672.5804691762125,2729.8636115657373,1747.2122204037084,2729.8636115657373,1777.0649208947068,2587.2340425531897,1984.3753409710841,2554.064375340969,2000.9601745771945,2102.956901254772,1949.5471903982527]],"bbox":[2093.006001091106,1629.4599018003262,636.8576104746312,371.5002727768683],"area":162272.45411976386},{"id":36,"iscrowd":0,"image_id":37,"category_id":1,"segmentation":[[2318.5597381342045,2034.1298417894147,2071.4457174031627,1825.1609383524265,2101.298417894161,1783.6988543371508,2179.247135842879,1728.9689034369874,2383.2405891980343,1636.0938352427702,2421.3857064920876,1634.4353518821592,2481.0911074740843,1641.0692853246032,2768.0087288597906,1878.232405891979,2764.6917621385687,1893.1587561374781]],"bbox":[2071.4457174031627,1634.4353518821592,696.5630114566279,399.6944899072555],"area":160110.5084126288},{"id":37,"iscrowd":0,"image_id":38,"category_id":1,"segmentation":[[2421.9385342789583,2059.9054373522445,2114.7044917257667,1646.6666666666656,2121.891252955081,1626.903073286051,2475.8392434988164,1481.371158392434,2493.8061465721025,1495.7446808510629,2781.276595744679,1876.6430260047268,2775.886524822693,1898.2033096926702,2421.9385342789583,2068.8888888888873]],"bbox":[2114.7044917257667,1481.371158392434,666.5721040189123,587.5177304964534],"area":208315.4949728658},{"id":38,"iscrowd":0,"image_id":39,"category_id":1,"segmentation":[[2602.160392798689,2097.1522094926336,2220.7092198581545,2049.056192034914,2182.564102564101,2029.1543917075817,2170.954719039824,2004.2771412984164,2182.564102564101,1976.0829241680292,2229.0016366612094,1919.6944899072544,2308.6088379705384,1840.0872885979256,2363.338788870702,1823.5024549918153,2522.55319148936,1838.4288052373145,2680.1091107474067,1891.5002727768672,2723.229678123293,1921.3529732678655,2724.8881614839042,1966.132024004363,2698.3524277141278,2004.2771412984164]],"bbox":[2170.954719039824,1823.5024549918153,553.9334424440804,273.6497545008183],"area":107675.07331343381},{"id":39,"iscrowd":0,"image_id":40,"category_id":1,"segmentation":[[2207.4413529732665,1967.790507364974,2199.148936170211,1926.3284233496986,2229.0016366612094,1692.4822695035448,2263.829787234041,1687.5068194217117,2688.4015275504617,1715.7010365520991,2706.644844517183,1747.2122204037084,2675.1336606655736,1987.6923076923063,2650.2564102564083,2002.6186579378054,2650.2564102564083,2000.9601745771945,2643.622476813964,2022.5204582651377,2532.504091653026,2020.8619749045267,2238.9525368248756,1995.9847244953614]],"bbox":[2199.148936170211,1687.5068194217117,507.4959083469721,335.01363884342595],"area":147730.20608716522},{"id":40,"iscrowd":0,"image_id":41,"category_id":1,"segmentation":[[2172.613202400435,1874.915439170757,2290.3655210038173,1649.3617021276584,2353.387888707036,1655.9956355701024,2673.4751773049625,1757.1631205673746,2698.3524277141278,1783.6988543371508,2570.6492089470794,2024.1789416257486,2547.4304418985253,2045.7392253136918,2200.8074195308222,1939.5962902345866,2185.881069285323,1916.3775231860325]],"bbox":[2172.613202400435,1649.3617021276584,525.7392253136927,396.3775231860334],"area":133072.43423815444},{"id":41,"iscrowd":0,"image_id":42,"category_id":1,"segmentation":[[2230.6601200218206,1846.7212220403696,2242.2695035460974,1758.8216039279857,2303.6333878887053,1722.3349699945431,2656.8903436988526,1720.6764866339322,2708.303327877794,1748.8707037643196,2718.25422804146,1791.991271140206,2706.644844517183,1866.6230223677019,2567.3322422258575,1972.765957446807,2398.1669394435335,1974.424440807418,2263.829787234041,1911.4020731041994]],"bbox":[2230.6601200218206,1720.6764866339322,487.5941080196394,253.74795417348582],"area":103193.0242933619},{"id":42,"iscrowd":0,"image_id":43,"category_id":1,"segmentation":[[2255.537370430986,1918.0360065466434,2242.2695035460974,1866.6230223677019,2369.9727223131463,1660.9710856519355,2388.2160392798673,1647.7032187670472,2739.8145117294034,1767.1140207310407,2768.0087288597906,1798.62520458265,2640.305510092742,2020.8619749045267,2612.111292962355,2042.42225859247,2287.048554282595,1936.2793235133647]],"bbox":[2242.2695035460974,1647.7032187670472,525.7392253136932,394.71903982542267],"area":127646.94071738675},{"id":43,"iscrowd":0,"image_id":44,"category_id":1,"segmentation":[[2025.3191489361693,1965.1861702127649,2210.2659574468075,1555.8776595744673,2898.510638297871,1261.7819148936164,3122.8723404255306,1286.0372340425524,3371.489361702126,1443.6968085106375,3386.648936170211,1470.9840425531906,3383.617021276594,1598.3244680851055,3353.297872340424,1749.9202127659566,3247.1808510638284,1953.0585106382969,3044.042553191488,2222.8989361702115,2980.3723404255306,2265.3457446808497,2874.255319148935,2283.537234042552,2264.8404255319138,2192.5797872340413,2028.3510638297864,2037.9521276595735]],"bbox":[2025.3191489361693,1261.7819148936164,1361.3297872340418,1021.7553191489355],"area":988024.5402331362},{"id":44,"iscrowd":0,"image_id":45,"category_id":1,"segmentation":[[2017.6015473887805,1462.4854932301732,2063.907156673113,1287.185686653771,2199.516441005802,1148.2688588007732,2358.2785299806565,1058.9651837524173,2493.887814313345,1029.1972920696319,2718.8007736943896,1019.2746615087035,3009.8646034816234,1062.2727272727266,3257.930367504834,1204.4970986460341,3426.6150870406173,1343.4139264990322,3535.76402321083,1561.7117988394575,3562.224371373306,1816.3926499032873,3482.8433268858785,2001.615087040618,3337.3114119922616,2153.7620889748537,3175.241779497097,2223.220502901353,2927.1760154738863,2256.2959381044475,2705.5705996131514,2219.9129593810435,2434.3520309477744,2133.916827852997,2219.3617021276586,2008.230174081237,2060.5996131528036,1826.3152804642157,2004.3713733075426,1621.2475822050283]],"bbox":[2004.3713733075426,1019.2746615087035,1557.8529980657634,1237.021276595744],"area":1498594.549345463},{"id":45,"iscrowd":0,"image_id":46,"category_id":1,"segmentation":[[2202.5695581014716,2113.4779050736483,2188.576104746316,1934.3617021276582,2185.777414075285,1562.1358428805227,2314.5171849427156,1229.0916530278223,2546.8085106382964,1069.56628477905,2882.6513911620277,1033.1833060556457,3103.7479541734842,1066.7675941080188,3212.8968903436967,1293.4615384615377,3263.2733224222566,1469.7790507364966,3232.4877250409145,1788.8297872340413,3089.754500818329,2065.9001636661196,2837.87234042553,2270.2045826513895,2577.5941080196385,2331.7757774140737,2342.5040916530265,2286.996726677576,2205.3682487725027,2130.270049099835]],"bbox":[2185.777414075285,1033.1833060556457,1077.4959083469716,1298.592471358428],"area":1124896.6589074803},{"id":46,"iscrowd":0,"image_id":47,"category_id":1,"segmentation":[[1834.2039618488618,1766.8745414526768,1791.5480557593535,1621.34262655906,1844.2406456346284,1455.7373440939095,1934.5707997065285,1325.2604548789427,2062.5385179750538,1222.3844460748342,2268.290535583271,1137.0726338958173,2441.423330887746,1124.526779163609,2654.702861335288,1182.2377109317674,2995.9501100513558,1380.4622157006595,3143.9911958914145,1531.0124724871598,3234.3213499633143,1646.4343360234766,3281.9955979457063,1756.8378576669102,3294.5414526779145,1822.0763022743936,3236.830520909756,1917.424798239177,3063.6977256052805,2072.993396918561,2958.3125458547306,2155.7960381511357,2835.363169479089,2200.961115187086,2627.10198092443,2228.5619955979446,2356.1115187087294,2175.8694057226694,2110.2127659574458,2055.429200293469]],"bbox":[1791.5480557593535,1124.526779163609,1502.993396918561,1104.0352164343356],"area":1167984.7976793656},{"id":47,"iscrowd":0,"image_id":48,"category_id":1,"segmentation":[[2255.7446808510626,1843.7152209492622,2263.207855973812,1711.243862520457,2337.839607201308,1506.0065466448434,2488.968903436987,1323.1587561374786,2666.21931260229,1220.5400981996718,2837.87234042553,1166.4320785597374,3033.780687397707,1166.4320785597374,3218.494271685759,1211.211129296235,3395.7446808510617,1328.756137479541,3492.765957446806,1466.8248772504082,3533.8134206219293,1571.3093289689025,3546.873977086741,1685.1227495908336,3531.947626841242,1834.3862520458254,3487.1685761047443,1966.8576104746307,3406.939443535186,2123.584288052372,3289.39443535188,2252.324058919802,3114.009819967265,2390.3927986906697,2944.222585924712,2420.245499181668,2793.0932896890326,2423.977086743043,2630.769230769229,2390.3927986906697,2498.297872340424,2315.761047463174,2393.8134206219297,2224.3371522094913,2307.9869067103095,2108.6579378068727,2255.7446808510626,1985.5155482815046,2248.281505728313,1884.762684124385]],"bbox":[2248.281505728313,1166.4320785597374,1298.5924713584282,1257.5450081833055],"area":1277428.3236142604},{"id":48,"iscrowd":0,"image_id":49,"category_id":1,"segmentation":[[2021.2765957446802,2070.4609929078006,2174.893617021276,1637.907801418439,2571.0638297872333,1363.0141843971624,3092.5531914893604,1358.971631205673,3132.978723404254,1528.7588652482261,3104.6808510638284,1864.2907801418432,2971.27659574468,2228.1205673758855,2898.510638297871,2300.886524822694,2627.659574468084,2308.9716312056726,2389.148936170212,2284.7163120567366,2187.021276595744,2207.907801418439]],"bbox":[2021.2765957446802,1358.971631205673,1111.702127659574,949.9999999999995],"area":819089.2258940687},{"id":49,"iscrowd":0,"image_id":50,"category_id":1,"segmentation":[[2288.8201160541576,1234.2649903288195,2560.0386847195346,1211.1121856866532,2808.1044487427453,1240.8800773694384,3119.0135396518363,1445.947775628626,3208.317214700192,1558.4042553191482,3294.3133462282385,1690.7059961315272,3386.9245647969037,2024.7678916827842,3363.7717601547374,2074.3810444874266,3234.7775628626678,2127.301740812378,2940.4061895551245,2183.529980657639,2579.8839458413913,2160.3771760154727,2450.889748549322,2110.7640232108306,2341.7408123791092,1998.3075435203084,2262.3597678916817,1780.009671179883,2219.3617021276586,1555.0967117988387,2222.669245647968,1399.6421663442932]],"bbox":[2219.3617021276586,1211.1121856866532,1167.562862669245,972.4177949709858],"area":866041.8213993084},{"id":50,"iscrowd":0,"image_id":51,"category_id":1,"segmentation":[[1951.205673758864,1849.2434988179655,1980.8510638297857,1690.236406619384,2037.4468085106369,1571.6548463356962,2104.8226950354597,1450.3782505910153,2188.36879432624,1366.8321513002354,2282.695035460991,1294.066193853427,2406.666666666665,1215.9101654846327,2562.9787234042537,1162.0094562647746,2719.290780141842,1148.53427895981,2851.3475177304945,1162.0094562647746,2940.2836879432602,1188.9598108747036,3056.1702127659555,1261.725768321512,3150.496453900707,1369.5271867612282,3204.397163120565,1477.3286052009446,3223.2624113475154,1601.300236406618,3201.7021276595724,1744.1371158392421,3177.446808510636,1854.6335697399513,3131.6312056737565,1954.3498817966888,3066.9503546099268,2056.7612293144193,2986.0992907801397,2161.8676122931424,2907.9432624113456,2234.633569739951,2813.6170212765937,2275.0591016548447,2730.0709219858136,2318.179669030731,2627.659574468083,2350.520094562646,2463.262411347516,2374.775413711582,2323.120567375885,2361.300236406618,2212.624113475176,2320.874704491724,2134.4680851063813,2275.0591016548447,2072.4822695035446,2202.293144208036,1999.7163120567361,2097.1867612293127,1956.5957446808497,1994.7754137115824,1940.4255319148922,1865.413711583923]],"bbox":[1940.4255319148922,1148.53427895981,1282.8368794326232,1226.241134751772],"area":1195085.9514108934},{"id":51,"iscrowd":0,"image_id":52,"category_id":1,"segmentation":[[2088.162475822049,1773.2108317214688,2152.1083172146987,1618.8588007736932,2249.1295938104436,1499.7872340425522,2372.611218568664,1415.9961315280455,2553.423597678915,1314.5647969052216,2694.5454545454527,1250.6189555125716,2824.642166344292,1226.3636363636356,2994.4294003868454,1274.8742746615078,3173.036750483557,1380.715667311411,3270.0580270793016,1490.9671179883935,3367.079303675046,1618.8588007736932,3411.1798839458393,1733.520309477755,3424.410058027077,1837.1566731141186,3364.8742746615067,1938.5880077369425,3261.237911025143,2009.1489361702113,3111.2959381044466,2081.91489361702,3014.274661508702,2134.8355899419716,2888.588007736942,2165.7059961315267,2736.441005802706,2172.3210831721453,2610.754352030946,2159.0909090909076,2504.912959381043,2130.425531914892,2377.021276595743,2070.8897485493217,2288.820116054157,2031.199226305608,2171.9535783365554,1967.253384912958,2105.802707930366,1894.4874274661495,2085.9574468085093,1788.6460348162464,2101.392649903287,1768.8007736943896]],"bbox":[2085.9574468085093,1226.3636363636356,1338.4526112185677,945.9574468085098],"area":905206.4634160016},{"id":52,"iscrowd":0,"image_id":53,"category_id":1,"segmentation":[[2047.8419452887529,2058.8145896656524,2210.699088145896,1798.936170212765,2314.6504559270506,1653.4042553191482,2467.112462006078,1566.778115501519,2633.434650455926,1500.9422492401209,2765.106382978722,1490.5471124620053,3111.6109422492386,1649.9392097264429,3288.328267477202,1802.4012158054702,3402.674772036473,1958.3282674772026,3423.465045592704,2065.7446808510626,3354.1641337386004,2200.8814589665644,3229.4224924012146,2294.437689969604,3087.3556231003026,2356.808510638297,2914.1033434650444,2422.644376899695,2668.0851063829778,2464.224924012157,2456.7173252279626,2436.5045592705155,2300.79027355623,2367.2036474164124,2151.793313069908,2284.0425531914884,2061.7021276595738,2190.486322188449,2051.306990881458,2086.5349544072938]],"bbox":[2047.8419452887529,1490.5471124620053,1375.623100303951,973.6778115501515],"area":946595.6892489897},{"id":53,"iscrowd":0,"image_id":54,"category_id":1,"segmentation":[[2249.417206290471,1860.8048103607762,2198.7974098057343,1727.9278445883433,2182.978723404254,1601.3783533765024,2179.8149861239585,1493.8112858464378,2255.744680851063,1345.1156336725248,2388.621646623496,1250.203515263644,2521.498612395929,1215.4024051803879,2701.8316373728017,1228.0573543015719,2932.7844588344115,1329.2969472710447,3034.024051803884,1414.7178538390372,3147.9185938945407,1639.3432007400547,3214.3570767807573,1848.1498612395922,3208.029602220165,1990.518038852913,3185.883441258093,2104.4125809435695,3109.9537465309886,2211.9796484736344,2967.5855689176674,2253.1082331174825,2799.9074930619786,2249.944495837187,2625.901942645697,2205.6521739130426,2407.6040703052718,2072.7752081406097,2284.2183163737272,1930.4070305272885]],"bbox":[2179.8149861239585,1215.4024051803879,1034.5420906567988,1037.7058279370947],"area":818039.6465396325},{"id":54,"iscrowd":0,"image_id":55,"category_id":1,"segmentation":[[2213.493479752916,1838.3184625943709,2159.505833905284,1645.840768702813,2185.3260123541513,1580.1166781056957,2309.7323266986946,1472.1413864104316,2497.5154426904587,1364.1660947151674,2598.4488675360317,1333.6513383665058,2793.2738503774867,1326.6094715168147,2985.7515442690446,1333.6513383665058,3180.5765271104992,1408.7645847632114,3290.8991077556607,1493.266986959505,3312.024708304734,1558.9910775566223,3276.8153740562784,1735.0377487989008,3197.0075497597786,1878.2223747426208,3030.350034317088,2054.269045984899,2858.997940974604,2159.8970487302663,2758.064516129031,2155.2024708304725,2567.93411118737,2108.2566918325315,2415.360329444062,2044.879890185311,2300.3431708991066,1943.946465339738]],"bbox":[2159.505833905284,1326.6094715168147,1152.51887439945,833.2875772134516],"area":709916.7443374434},{"id":55,"iscrowd":0,"image_id":56,"category_id":1,"segmentation":[[2045.2431610942235,1868.9589665653482,2084.224924012157,1681.8465045592693,2177.781155015196,1523.320668693008,2279.133738601822,1427.1656534954398,2448.054711246199,1341.4057750759869,2632.568389057749,1305.0227963525826,2830.0759878419435,1349.2021276595735,3001.5957446808493,1502.530395136777,3105.547112462004,1653.2598784194518,3183.51063829787,1798.7917933130686,3209.498480243159,1967.7127659574453,3222.4924012158035,2089.8556231003026,3147.127659574466,2188.6094224923995,3032.7811550151955,2230.1899696048617,2856.063829787232,2230.1899696048617,2687.1428571428555,2201.603343465044,2333.7082066869284,2115.843465045591,2141.398176291792,2009.2933130699073,2047.8419452887524,1939.1261398176277]],"bbox":[2045.2431610942235,1305.0227963525826,1177.24924012158,925.1671732522791],"area":804332.8118504066},{"id":56,"iscrowd":0,"image_id":57,"category_id":1,"segmentation":[[2417.707618393959,2040.185312285517,2387.1928620452973,1767.8997940974596,2368.4145504461208,1544.90734385724,2405.9711736444738,1387.6389842141377,2462.306108442003,1305.4838709677413,2553.8503774879878,1300.789293067947,2722.855181880575,1326.6094715168147,3096.0741249142056,1521.4344543582695,3323.7611530542194,1744.426904598489,3323.7611530542194,1744.426904598489,3380.0960878517485,1838.3184625943709,3375.4015099519543,1904.0425531914882,3206.396705559367,2077.74193548387,2927.0693205216185,2239.704873026766,2746.3280713795457,2328.901853122854,2607.8380233356197,2328.901853122854,2502.2100205902525,2258.4831846259426,2415.360329444062,2056.616334934796]],"bbox":[2368.4145504461208,1300.789293067947,1011.6815374056278,1028.112560054907],"area":721272.3708563347},{"id":57,"iscrowd":0,"image_id":58,"category_id":1,"segmentation":[[2245.9114433582504,1906.0092006900502,2377.6768257619306,1616.9120184013789,2476.00920069005,1439.9137435307637,2617.607820586542,1251.1155836687742,2698.2403680276,1205.8826912018392,2771.0063254744086,1203.9160437032767,2894.905117883839,1276.6820011500852,3050.270270270268,1437.9470960322012,3193.8355376653226,1660.1782633697514,3288.234617596317,1845.0431282346162,3303.9677975848163,1959.1086831512348,3272.5014376078184,2049.574468085105,3162.3691776883243,2104.640598044852,2938.1713628522116,2167.5733179988483,2643.1742380678534,2197.073030477284,2452.4094307073015,2193.1397354801597,2277.3778033352487,2151.840138010349,2230.178263369751,2077.1075330649787,2232.1449108683137,2002.3749281196074,2243.944795859688,1915.8424381828622]],"bbox":[2230.178263369751,1203.9160437032767,1073.789534215065,993.1569867740075],"area":740473.5551917388},{"id":58,"iscrowd":0,"image_id":59,"category_id":1,"segmentation":[[2218.3221884498466,1842.3647416413362,2305.641337386017,1655.252279635257,2401.276595744679,1570.0121580547102,2856.5835866261377,1360.030395136777,2931.4285714285693,1347.5562310030386,3162.2006079027333,1407.8480243161084,3199.6231003039493,1445.2705167173242,3199.6231003039493,1570.0121580547102,2993.7993920972626,2037.7933130699073,2754.711246200606,2029.477203647415,2293.167173252278,1948.3951367781142,2218.3221884498466,1902.656534954406,2222.480243161093,1852.7598784194515]],"bbox":[2218.3221884498466,1347.5562310030386,981.3009118541027,690.2370820668687],"area":472867.7703273247},{"id":59,"iscrowd":0,"image_id":60,"category_id":1,"segmentation":[[2153.872340425532,1914.9574468085102,2292.127659574468,1762.1489361702127,2663.2340425531916,1522.0212765957444,2808.7659574468084,1463.8085106382978,2983.404255319149,1492.914893617021,3114.382978723404,1652.9999999999998,3201.702127659574,1791.255319148936,3252.6382978723404,1994.9999999999995,3216.255319148936,2089.5957446808507,3005.2340425531916,2147.8085106382973,2786.936170212766,2133.255319148936,2379.446808510638,2111.4255319148933,2182.978723404255,1994.9999999999995]],"bbox":[2153.872340425532,1463.8085106382978,1098.7659574468084,683.9999999999995],"area":521943.2458125846},{"id":60,"iscrowd":0,"image_id":61,"category_id":1,"segmentation":[[2562.9787234042537,2150.9751773049634,2340.638297872339,2005.4432624113463,2168.8297872340413,1823.5283687943252,2132.446808510637,1734.5921985815592,2132.446808510637,1661.8262411347507,2223.4042553191475,1599.1666666666656,2536.702127659573,1449.5921985815594,2621.5957446808493,1437.4645390070912,2712.55319148936,1425.3368794326232,3066.276595744679,1558.741134751772,3139.0425531914875,1619.3794326241125,3189.5744680851044,1657.7836879432614,3191.5957446808493,1730.5496453900698,3161.276595744679,1807.3581560283676,3056.1702127659555,1932.6773049645378,2894.4680851063813,2066.0815602836865,2746.9148936170195,2146.932624113474,2633.7234042553177,2197.464539007091,2575.1063829787217,2155.0177304964527]],"bbox":[2132.446808510637,1425.3368794326232,1059.1489361702124,772.1276595744678],"area":531324.9151199632},{"id":61,"iscrowd":0,"image_id":62,"category_id":1,"segmentation":[[2144.5744680851053,2037.7836879432612,2221.382978723403,1843.7411347517718,2326.489361702126,1746.7198581560272,2730.744680851062,1514.2730496453892,2801.489361702126,1477.890070921985,2900.5319148936155,1477.890070921985,3084.4680851063813,1534.4858156028358,3096.5957446808493,1572.8900709219847,3112.7659574468066,1684.0602836879423,3050.1063829787217,1997.3581560283676,2951.0638297872324,2189.3794326241123,2690.3191489361684,2185.336879432623,2358.8297872340413,2138.8475177304954,2162.765957446807,2082.2517730496443]],"bbox":[2144.5744680851053,1477.890070921985,968.1914893617013,711.4893617021273],"area":489674.68311453104},{"id":62,"iscrowd":0,"image_id":63,"category_id":1,"segmentation":[[2290.9540150995185,1652.882635552504,2436.4859299931354,1519.0871654083726,2598.4488675360317,1415.8064516129025,2760.411805078928,1340.693205216197,2833.1777625257364,1347.735072065888,3065.559368565544,1497.961564859299,3208.7439945092638,1657.5772134522983,3314.371997254631,1826.5820178448857,3363.665065202469,1995.5868222374731,3335.4975978037046,2075.3946465339727,3295.593685655455,2138.771448181193,3227.5223061084403,2178.675360329443,3074.948524365132,2218.5792724776925,2910.638297872339,2237.357584076869,2746.3280713795457,2227.968428277281,2525.6829100892232,2195.106382978722,2361.37268359643,2124.687714481811,2236.966369251886,2051.9217570350024,2164.2004118050777,1939.251887439944,2161.8531228551806,1889.958819492106,2201.7570350034307,1774.9416609471507,2262.786547700754,1666.9663692518866]],"bbox":[2161.8531228551806,1340.693205216197,1201.8119423472886,896.6643788606721],"area":759904.09105876},{"id":63,"iscrowd":0,"image_id":64,"category_id":1,"segmentation":[[2092.5129384703837,1577.579068430131,2147.5790684301305,1455.6469235192628,2243.944795859688,1343.5480161012065,2356.043703277744,1268.8154111558356,2489.7757331799867,1239.3156986773997,2603.8412880966052,1207.8493387004016,2704.140310523287,1198.0161012075896,2867.3720529039656,1190.14951121334,3034.537090281769,1239.3156986773997,3140.736055204138,1321.9148936170202,3213.5020126509467,1418.2806210465774,3256.7682576193192,1565.7791834387567,3264.6348476135686,1670.0115008625635,3237.101782633695,1793.910293271994,3160.402530189762,1927.6423231742365,3008.970672800458,2041.7078780908555,2833.9390454284053,2106.607245543414,2603.8412880966052,2136.10695802185,2391.4433582518673,2120.3737780333513,2234.1115583668757,2035.8079355951684,2123.979298447382,1902.0759056929255,2078.746405980447,1756.5439907993086,2080.7130534790094,1638.5451408855652]],"bbox":[2078.746405980447,1190.14951121334,1185.8884416331216,945.95744680851],"area":894680.7830771313},{"id":64,"iscrowd":0,"image_id":65,"category_id":1,"segmentation":[[2135.1610942249226,1983.7386018237069,2066.5531914893604,1773.7568389057737,2068.6322188449835,1565.854103343464,2097.7386018237066,1426.5592705167162,2189.215805471123,1272.711246200607,2303.5623100303937,1185.3920972644369,2407.5136778115484,1125.1003039513669,2523.939209726442,1143.8115501519749,2673.6291793313053,1287.2644376899686,2767.185410334345,1441.112462006078,2817.082066869299,1542.9848024316098,2869.0577507598764,1682.2796352583575,2894.0060790273537,1842.3647416413362,2881.531914893615,1900.5775075987829,2754.711246200606,2019.0820668692995,2661.1550151975666,2079.3738601823693,2442.8571428571413,2116.7963525835853,2274.45592705167,2120.9544072948315]],"bbox":[2066.5531914893604,1125.1003039513669,827.4528875379933,995.8541033434647],"area":618213.4321744987},{"id":65,"iscrowd":0,"image_id":66,"category_id":1,"segmentation":[[2120.607902735561,1653.2598784194518,2146.5957446808497,1453.1534954407284,2263.541033434649,1305.0227963525826,2487.036474164132,1115.3115501519749,2674.148936170211,1081.5273556230995,2811.8844984802413,1167.2872340425524,2892.4468085106364,1284.2325227963515,2954.8176291793293,1421.968085106382,2970.4103343465026,1601.2841945288742,2949.6200607902715,1767.6063829787222,2863.8601823708186,1954.718844984801,2694.939209726442,2092.4544072948315,2528.617021276594,2092.4544072948315,2375.2887537993906,2050.8738601823693,2247.9483282674755,1970.3115501519742,2149.1945288753786,1868.9589665653482,2110.2127659574453,1752.0136778115489]],"bbox":[2110.2127659574453,1081.5273556230995,860.1975683890573,1010.927051671732],"area":661381.059164271},{"id":66,"iscrowd":0,"image_id":67,"category_id":1,"segmentation":[[2468.1426106958,2037.7745830937306,2415.043128234616,1919.7757331799871,2399.3099482461166,1748.677400805059,2387.5100632547424,1607.0787809085668,2428.8096607245525,1508.7464059804474,2501.575618171361,1449.7469810235757,2556.6417481311078,1435.980448533639,2670.707303047727,1471.380103507762,2843.772282921217,1577.579068430131,2928.3381253594,1715.2443933294983,2967.6710753306475,1793.910293271994,2985.370902817709,1874.542840713052,2981.437607820584,1980.741805635421,2922.4381828637124,2075.1408855664163,2845.7389304197795,2142.0069005175374,2747.4065554916597,2138.0736055204125,2658.907418056352,2120.3737780333513,2546.808510638296,2096.7740080506023]],"bbox":[2387.5100632547424,1435.980448533639,597.8608395629667,706.0264519838984],"area":318756.691944535},{"id":67,"iscrowd":0,"image_id":68,"category_id":1,"segmentation":[[2240.425531914892,1840.5319148936157,2251.91489361702,1721.8085106382966,2295.9574468085093,1606.9148936170202,2403.1914893617004,1513.0851063829778,2590.8510638297857,1459.468085106382,2759.3617021276577,1461.3829787234033,2904.8936170212746,1497.7659574468075,3019.787234042551,1574.3617021276584,3082.9787234042533,1693.0851063829775,3096.382978723402,1815.638297872339,3061.9148936170195,1945.851063829786,2992.9787234042533,2043.510638297871,2891.4893617021257,2116.2765957446795,2745.957446808509,2148.8297872340413,2587.021276595743,2143.0851063829773,2418.5106382978706,2106.7021276595733,2313.191489361701,2026.2765957446798,2261.489361702126,1922.8723404255306]],"bbox":[2240.425531914892,1459.468085106382,855.9574468085102,689.3617021276593],"area":477650.65640561277},{"id":68,"iscrowd":0,"image_id":69,"category_id":1,"segmentation":[[2358.0103507763065,1856.8430132259905,2365.876940770556,1756.5439907993086,2452.4094307073015,1626.745255894191,2570.4082806210445,1512.679700977572,2690.3737780333504,1463.5135135135124,2808.372627947094,1479.2466935020116,2912.6049453709006,1567.7458309373192,2997.1707878090833,1630.6785508913156,3056.170212765955,1701.4778608395616,3067.9700977573298,1797.8435882691188,3048.3036227717057,1876.5094882116143,2995.204140310521,1968.9419206440468,2922.4381828637124,2027.9413456009188,2835.9056929269673,2071.2075905692914,2708.073605520412,2079.0741805635407,2576.308223116732,2077.1075330649787,2456.342725704426,2037.7745830937306,2399.3099482461166,1972.8752156411715]],"bbox":[2358.0103507763065,1463.5135135135124,709.9597469810233,615.5606670500283],"area":329423.8151185086},{"id":69,"iscrowd":0,"image_id":70,"category_id":1,"segmentation":[[2445.744680851062,1900.336879432623,2411.3829787234026,1805.336879432623,2413.4042553191475,1694.1666666666656,2453.8297872340413,1599.1666666666656,2558.9361702127644,1536.5070921985805,2670.1063829787217,1508.2092198581552,2785.3191489361684,1512.2517730496445,2912.6595744680835,1540.5496453900698,2953.085106382977,1558.741134751772,2963.1914893617004,1710.336879432623,2949.0425531914875,1855.86879432624,2902.55319148936,1991.2943262411336,2771.170212765956,2102.464539007091,2668.0851063829773,2100.4432624113465,2567.021276595743,2035.7624113475165,2488.191489361701,1977.1453900709207]],"bbox":[2411.3829787234026,1508.2092198581552,551.8085106382978,594.2553191489358],"area":261678.01607061998},{"id":70,"iscrowd":0,"image_id":71,"category_id":1,"segmentation":[[2268.8052373158744,1823.1914893617009,2266.939443535187,1774.6808510638286,2569.198036006545,1700.0490998363327,2748.314238952535,1673.9279869067093,2940.490998363337,1673.9279869067093,3097.217675941078,1703.7806873977074,3138.2651391162008,1744.8281505728303,3132.667757774139,1784.0098199672657,3005.7937806873956,1920.2127659574458,2852.7986906710294,2034.0261865793768,2776.301145662846,2060.1472995090003,2602.782324058918,2022.8314238952526,2434.8608837970523,1942.6022913256945,2270.6710310965614,1838.1178396072]],"bbox":[2266.939443535187,1673.9279869067093,871.3256955810139,386.219312602291],"area":223817.6598691204},{"id":71,"iscrowd":0,"image_id":72,"category_id":1,"segmentation":[[2335.9738134206204,1864.2389525368237,2332.2422258592455,1757.888707037642,2419.934533551553,1642.2094926350235,2539.3453355155466,1543.3224222585914,2636.3666121112915,1500.4091653027813,2729.656301145661,1496.6775777414066,2824.8117839607185,1524.6644844517175,2877.0540098199654,1558.2487725040905,2944.222585924712,1573.1751227495897,3156.923076923075,1744.8281505728303,3160.6546644844498,1823.1914893617009,3147.594108019638,1897.8232405891968,3074.8281505728296,1968.723404255318,2966.6121112929604,2019.0998363338779,2692.3404255319133,2024.69721767594,2509.4926350245482,1981.78396072013,2350.9001636661196,1894.091653027822]],"bbox":[2332.2422258592455,1496.6775777414066,828.4124386252042,528.0196399345334],"area":328037.41927188635},{"id":72,"iscrowd":0,"image_id":73,"category_id":1,"segmentation":[[2442.8571428571413,2087.6899696048617,2428.3039513677795,1998.2917933130684,2436.620060790272,1925.52583586626,2467.8054711246186,1804.9422492401204,2553.0455927051653,1680.2006079027344,2646.601823708205,1565.854103343464,2715.209726443767,1518.0364741641326,2823.3191489361684,1482.69300911854,2879.452887537992,1503.4832826747709,2900.243161094223,1592.8814589665642,2918.954407294831,1678.1215805471113,2937.6656534954386,1740.4924012158042,2945.981762917931,1825.7325227963513,2950.1398176291773,1915.1306990881446,2933.5075987841924,1996.2127659574453,2898.1641337386,2039.8723404255304,2812.924012158053,2068.9787234042537,2700.6565349544053,2079.3738601823693,2542.65045592705,2098.0851063829773]],"bbox":[2428.3039513677795,1482.69300911854,521.8358662613978,615.3920972644373],"area":236404.7092691305},{"id":73,"iscrowd":0,"image_id":74,"category_id":1,"segmentation":[[2319.181669394434,1828.788870703763,2335.9738134206204,1709.3780687397698,2390.081833060555,1623.5515548281494,2464.7135842880507,1567.5777414075276,2569.198036006545,1524.6644844517175,2688.6088379705384,1502.2749590834687,2800.556464811782,1502.2749590834687,2908.772504091651,1530.2618657937796,3003.9279869067086,1576.9067103109646,3069.2307692307672,1649.672667757773,3106.5466448445154,1722.4386252045815,3117.7414075286397,1797.0703764320774,3112.1440261865773,1881.0310965630101,3074.8281505728296,1979.9181669394425,3024.4517184942697,2039.6235679214392,2957.2831423895236,2097.4631751227485,2871.4566284779035,2132.913256955809,2759.5090016366594,2144.1080196399334,2655.024549918165,2142.242225859246,2546.8085106382964,2119.852700490997,2447.921440261864,2076.939443535187,2377.021276595743,2020.965630114565,2337.839607201308,1938.8707037643196,2321.0474631751213,1867.9705400981984]],"bbox":[2319.181669394434,1502.2749590834687,798.5597381342059,641.8330605564647],"area":414475.2783797319},{"id":74,"iscrowd":0,"image_id":75,"category_id":1,"segmentation":[[2443.5277968428263,1929.8627316403558,2574.975978037061,1697.481125600548,2725.202470830472,1573.0748112560045,2840.2196293754273,1612.9787234042544,2941.1530542210007,1695.1338366506511,3049.1283459162646,1819.5401509951946,3093.7268359643085,1887.611530542209,3100.768702814,2000.2814001372672,3058.517501715853,2108.2566918325315,2875.428963623883,2213.8846945778987,2652.4365133836636,2220.9265614275896,2504.5573095401496,2155.2024708304725,2445.8750857927234,2019.0597117364437]],"bbox":[2443.5277968428263,1573.0748112560045,657.2409059711736,647.8517501715851],"area":307263.08785975806},{"id":75,"iscrowd":0,"image_id":76,"category_id":1,"segmentation":[[2370.638297872339,1959.2553191489349,2332.3404255319133,1882.6595744680837,2343.829787234041,1750.5319148936157,2412.765957446807,1637.5531914893606,2529.574468085105,1541.8085106382969,2661.702127659573,1492.0212765957438,2789.999999999998,1490.1063829787224,2908.7234042553173,1528.404255319148,2998.7234042553173,1612.659574468084,3046.5957446808493,1702.659574468084,3061.9148936170195,1815.638297872339,3054.255319148934,1917.1276595744669,2992.9787234042533,2030.1063829787222,2904.8936170212746,2110.531914893616,2791.9148936170195,2164.1489361702115,2682.7659574468066,2194.787234042552,2587.021276595743,2181.382978723403,2479.7872340425515,2135.4255319148924,2408.9361702127644,2058.8297872340413]],"bbox":[2332.3404255319133,1490.1063829787224,729.5744680851062,704.6808510638296],"area":395099.5925758259},{"id":76,"iscrowd":0,"image_id":77,"category_id":1,"segmentation":[[2477.7741407528624,1963.1260229132558,2464.7135842880507,1871.7021276595733,2481.5057283142373,1748.559738134205,2500.1636661211114,1647.8068739770856,2571.0638297872324,1545.1882160392788,2647.5613747954158,1464.9590834697208,2714.729950900162,1427.6432078559728,2781.8985270049084,1427.6432078559728,2862.127659574466,1464.9590834697208,2929.2962356792127,1580.6382978723393,3005.7937806873956,1774.6808510638286,3031.9148936170195,1864.2389525368237,3035.646481178394,1970.5891980360054,2989.0016366612094,2006.039279869066,2878.919803600653,2069.4762684124375,2703.5351882160376,2117.98690671031,2567.3322422258575,2097.4631751227485,2492.7004909983616,2047.0867430441888]],"bbox":[2464.7135842880507,1427.6432078559728,570.9328968903433,690.3436988543372],"area":296196.74757112504},{"id":77,"iscrowd":0,"image_id":78,"category_id":1,"segmentation":[[2352.765957446807,1744.8281505728303,2393.8134206219297,1632.8805237315864,2481.5057283142373,1558.2487725040905,2627.037643207854,1494.8117839607191,2759.5090016366594,1483.6170212765946,2905.0409165302763,1502.2749590834687,3024.4517184942697,1556.3829787234033,3104.680851063828,1647.8068739770856,3140.130932896888,1726.1702127659562,3140.130932896888,1834.3862520458254,3112.1440261865773,1938.8707037643196,3013.2569558101454,2067.61047463175,2916.235679214401,2114.255319148935,2817.3486088379686,2138.510638297871,2703.5351882160376,2147.8396072013084,2587.855973813419,2121.7184942716844,2455.384615384614,2069.4762684124375,2371.423895253681,1979.9181669394425,2347.1685761047447,1867.9705400981984,2341.571194762683,1791.4729950900153]],"bbox":[2341.571194762683,1483.6170212765946,798.5597381342054,664.2225859247137],"area":422711.76547796663},{"id":78,"iscrowd":0,"image_id":79,"category_id":1,"segmentation":[[2317.809762202752,1939.3554443053804,2302.8285356695856,1892.2715894868572,2347.772215269085,1834.4868585732154,2420.5381727158933,1755.3003754693354,2544.6683354192724,1676.1138923654557,2769.3867334167694,1609.7684605757186,2882.8160200250295,1588.3667083854807,3017.6470588235275,1596.9274092615758,3101.113892365455,1637.5907384230277,3118.235294117645,1676.1138923654557,3030.48811013767,1858.0287859824768,2895.657071339172,2048.5043804755933,2818.610763454316,2136.251564455568,2688.0600750938656,2114.8498122653305,2491.163954943678,2037.8035043804744,2324.2302878598234,1950.0563204004993]],"bbox":[2302.8285356695856,1588.3667083854807,815.4067584480595,547.8848560700872],"area":283981.69802365557},{"id":79,"iscrowd":0,"image_id":80,"category_id":1,"segmentation":[[2567.021276595743,2110.54964539007,2423.510638297871,1785.1241134751763,2379.042553191488,1570.86879432624,2407.3404255319133,1504.1666666666656,2520.5319148936155,1508.2092198581552,2666.0638297872324,1526.4007092198572,2823.7234042553173,1591.081560283687,2977.3404255319133,1684.0602836879423,3088.5106382978706,1809.3794326241123,3157.2340425531897,1924.5921985815592,3201.7021276595724,1997.3581560283676,3189.5744680851044,2033.7411347517718,3157.2340425531897,2066.0815602836865,3110.744680851062,2076.1879432624105,3056.1702127659555,2084.273049645389,2961.1702127659555,2114.5921985815594]],"bbox":[2379.042553191488,1504.1666666666656,822.6595744680844,610.4255319148938],"area":345007.0789950201},{"id":80,"iscrowd":0,"image_id":81,"category_id":1,"segmentation":[[2246.4157119476254,1813.862520458264,2268.8052373158744,1675.7937806873965,2341.571194762683,1561.9803600654654,2470.310965630113,1457.4959083469712,2610.2454991816676,1420.1800327332232,2766.972176759409,1420.1800327332232,2908.772504091651,1448.1669394435341,3037.5122749590814,1517.201309328968,3128.936170212764,1617.9541734860873,3186.775777414073,1754.1571194762673,3186.775777414073,1923.9443535188204,3123.3387888707016,2065.7446808510626,3028.1833060556446,2164.6317512274945,2893.846153846152,2231.800327332241,2683.011456628476,2259.787234042552,2518.8216039279855,2213.142389525367,2390.081833060555,2132.913256955809,2317.3158756137464,2065.7446808510626,2255.7446808510626,1950.065466448444]],"bbox":[2246.4157119476254,1420.1800327332232,940.3600654664478,839.6072013093287],"area":627283.6861574885},{"id":81,"iscrowd":0,"image_id":82,"category_id":1,"segmentation":[[2334.574468085105,1859.9113475177294,2453.8297872340413,1675.9751773049634,2567.021276595743,1570.86879432624,2684.2553191489346,1510.2304964538998,2835.8510638297857,1467.7836879432614,2916.702127659573,1447.5709219858147,3015.744680851062,1463.741134751772,3092.55319148936,1518.3156028368785,3137.0212765957426,1607.2517730496443,3134.999999999998,1710.336879432623,3086.4893617021257,1835.6560283687932,3060.212765957445,1930.6560283687932,3001.5957446808493,2021.6134751773036,2947.021276595743,2084.273049645389,2847.9787234042537,2144.9113475177296,2718.617021276594,2175.2304964538994,2567.021276595743,2197.464539007091,2437.6595744680835,2185.336879432623,2354.787234042552,2130.7624113475167,2318.4042553191475,2033.7411347517718,2314.361702127658,1956.932624113474]],"bbox":[2314.361702127658,1447.5709219858147,822.6595744680844,749.8936170212762],"area":447630.1946582161},{"id":82,"iscrowd":0,"image_id":83,"category_id":1,"segmentation":[[2264.564796905221,1766.5957446808497,2277.794970986459,1687.2147001934225,2480.6576402321066,1607.833655705995,2646.0348162475807,1594.603481624757,2831.257253384911,1605.6286266924553,3012.0696324951623,1665.1644100580259,3170.8317214700173,1766.5957446808497,3208.3172147001915,1823.9264990328807,3199.4970986460326,1876.8471953578323,2712.18568665377,2170.116054158606,2683.5203094777544,2165.7059961315267,2381.4313346228223,1925.3578336557048]],"bbox":[2264.564796905221,1594.603481624757,943.7524177949704,575.5125725338489],"area":344532.1580760897},{"id":83,"iscrowd":0,"image_id":84,"category_id":1,"segmentation":[[2446.7553191489346,1924.128989361701,2369.441489361701,1749.0359042553182,2346.7021276595733,1651.2566489361693,2337.606382978722,1548.9295212765949,2346.7021276595733,1517.0944148936162,2383.0851063829773,1467.0678191489353,2430.8377659574453,1460.246010638297,2594.5611702127644,1476.1635638297864,2756.0106382978706,1521.6422872340415,2969.7606382978706,1673.9960106382969,3062.992021276594,1774.0492021276584,3124.3882978723386,1899.1156914893606,3156.2234042553173,1992.347074468084,3122.114361702126,2042.3736702127649,3056.170212765956,2076.4827127659564,2885.6249999999986,2099.222074468084,2694.614361702126,2101.496010638297,2528.617021276594,2074.2087765957435]],"bbox":[2337.606382978722,1460.246010638297,818.6170212765951,641.2499999999998],"area":369853.37460035615},{"id":84,"iscrowd":0,"image_id":85,"category_id":1,"segmentation":[[2253.878887070375,1800.801963993452,2255.7446808510626,1711.243862520457,2287.463175122748,1608.6252045826502,2319.181669394434,1535.8592471358418,2356.497545008182,1483.6170212765946,2401.2765957446795,1431.3747954173477,2462.8477905073632,1394.0589198035998,2516.955810147298,1369.8036006546636,2576.6612111292948,1353.011456628477,2640.098199672666,1336.2193126022905,2742.7168576104727,1334.353518821603,2824.8117839607185,1349.2798690671023,2895.7119476268394,1388.4615384615374,2979.672667757772,1431.3747954173477,3037.5122749590814,1496.6775777414066,3069.2307692307672,1545.1882160392788,3102.8150572831405,1604.8936170212755,3130.8019639934514,1696.317512274958,3134.5335515548263,1780.2782324058908,3130.8019639934514,1856.7757774140741,3114.009819967265,1905.2864157119463,3086.022913256954,1970.5891980360054,3033.780687397707,2048.952536824876,2987.135842880522,2108.6579378068727,2916.235679214401,2166.497545008182,2845.3355155482795,2188.887070376431,2761.374795417347,2209.410801963992,2697.937806873975,2216.873977086742,2621.4402618657923,2209.410801963992,2533.7479541734847,2188.887070376431,2447.921440261864,2145.973813420621,2382.6186579378054,2095.597381342061,2339.7054009819954,2047.0867430441888,2304.2553191489346,1998.5761047463163,2278.134206219311,1929.5417348608828,2252.0130932896877,1853.0441898526992,2248.281505728313,1789.6072013093278]],"bbox":[2248.281505728313,1334.353518821603,886.2520458265135,882.5204582651388],"area":613428.5641579226},{"id":85,"iscrowd":0,"image_id":86,"category_id":1,"segmentation":[[2447.921440261864,1767.217675941079,2479.63993453355,1683.256955810146,2530.01636661211,1610.4909983633377,2599.0507364975433,1560.114566284778,2660.6219312602275,1524.6644844517175,2746.4484451718477,1515.3355155482805,2841.603927986905,1520.9328968903426,2921.833060556463,1548.9198036006537,3018.854337152208,1608.6252045826502,3072.962356792142,1685.1227495908336,3100.949263502453,1774.6808510638286,3114.009819967265,1854.9099836333867,3089.754500818329,1935.139116202945,3072.962356792142,2002.3076923076912,3044.9754500818312,2062.0130932896877,3005.7937806873956,2099.328968903436,2962.8805237315855,2131.0474631751217,2905.0409165302763,2172.0949263502444,2821.0801963993435,2192.6186579378054,2744.58265139116,2190.7528641571184,2653.1587561374777,2179.5581014729937,2591.587561374794,2147.8396072013084,2531.8821603927972,2088.1342062193116,2477.7741407528624,2022.8314238952526,2442.324058919802,1953.7970540098188,2423.666121112928,1867.9705400981984,2438.5924713584272,1782.1440261865782]],"bbox":[2423.666121112928,1515.3355155482805,690.3436988543367,677.283142389525],"area":361985.9493572555},{"id":86,"iscrowd":0,"image_id":87,"category_id":1,"segmentation":[[2359.976998274869,2181.339850488785,2295.07763082231,2029.907993099481,2273.444508338124,1845.0431282346162,2285.244393329498,1670.0115008625635,2332.4439332949955,1553.9792984473822,2401.276595744679,1461.54686601495,2503.5422656699234,1406.4807360552031,2609.7412305922926,1386.814261069579,2725.7734330074736,1402.5474410580782,2818.205865439906,1439.9137435307637,2873.271995399653,1485.1466359976987,2896.8717653824015,1559.8792409430696,2918.504887866588,1569.7124784358814,2979.470960322022,1579.5457159286934,3048.3036227717057,1601.1788384128797,3111.2363427257023,1648.3783783783772,3160.402530189762,1721.1443358251856,3187.9355951696352,1815.5434157561804,3185.968947671073,1902.0759056929255,3144.6693502012627,2000.4082806210452,3077.8033352501416,2086.9407705577905,2985.370902817709,2143.9735480161,2881.1385853939023,2191.1730879815973,2759.2064404830344,2216.7395054629083,2656.94077055779,2216.7395054629083,2479.942495687175,2206.9062679700965,2369.8102357676808,2189.206440483035]],"bbox":[2273.444508338124,1386.814261069579,914.4910868315114,829.9252443933292],"area":593077.3512038706},{"id":87,"iscrowd":0,"image_id":88,"category_id":1,"segmentation":[[2251.91489361702,1947.765957446807,2330.425531914892,1783.0851063829775,2399.361702127658,1675.851063829786,2521.9148936170195,1549.468085106382,2627.2340425531897,1428.8297872340415,2749.7872340425515,1356.063829787233,2872.340425531913,1323.5106382978713,2968.085106382977,1333.0851063829778,3044.680851063828,1388.6170212765949,3111.7021276595724,1482.4468085106373,3130.8510638297853,1570.531914893616,3123.1914893617,1698.8297872340413,3119.3617021276577,1719.8936170212753,3151.914893617019,1760.1063829787222,3149.999999999998,1796.4893617021264,3100.212765957445,1903.7234042553177,3025.531914893615,1986.0638297872329,2945.1063829787213,2060.7446808510626,2851.276595744679,2104.787234042552,2740.212765957445,2141.1702127659564,2655.957446808509,2156.489361702126,2554.4680851063813,2139.255319148935,2458.7234042553177,2106.7021276595733,2382.1276595744666,2066.4893617021266,2294.042553191488,2003.2978723404244]],"bbox":[2251.91489361702,1323.5106382978713,899.9999999999991,832.9787234042549],"area":509876.4825712991},{"id":88,"iscrowd":0,"image_id":89,"category_id":1,"segmentation":[[2175.7021276595738,2074.436170212765,2252.1063829787226,1827.0319148936162,2343.063829787233,1725.1595744680842,2801.4893617021266,1394.0744680851058,3001.5957446808497,1343.1382978723398,3136.2127659574453,1361.3297872340418,3168.9574468085093,1412.2659574468078,3034.3404255319138,2172.6702127659564,2896.0851063829773,2198.1382978723395,2219.3617021276586,2143.563829787233,2157.5106382978715,2085.351063829786]],"bbox":[2157.5106382978715,1343.1382978723398,1011.4468085106378,854.9999999999998],"area":578578.6548211854},{"id":89,"iscrowd":0,"image_id":90,"category_id":1,"segmentation":[[2341.9858156028354,2094.49172576832,2269.219858156027,1765.6973995271853,2234.1843971631192,1533.9243498817955,2231.489361702126,1353.356973995271,2331.2056737588637,1237.4704491725759,2414.751773049644,1213.2151300236396,2568.3687943262394,1250.9456264775404,2800.1418439716294,1388.3924349881786,3139.716312056735,1690.236406619384,3212.4822695035436,1741.4420803782493,3231.347517730494,1986.6903073286037,3147.8014184397143,2137.6122931442064,3039.9999999999977,2221.1583924349866,2942.9787234042533,2221.1583924349866]],"bbox":[2231.489361702126,1213.2151300236396,999.8581560283678,1007.943262411347],"area":712289.0800261546},{"id":90,"iscrowd":0,"image_id":91,"category_id":1,"segmentation":[[2024.9009537784289,1985.1724137931024,2024.9009537784289,1897.3514306676439,2223.1254585473207,1709.1636096845184,2506.66177549523,1508.4299339691847,2757.5788701393967,1340.3154805575928,2860.4548789435053,1390.4988994864261,3146.500366837856,1588.7234042553182,3184.137931034481,1628.870139398385,3171.5920763022727,1681.56272927366,3251.885546588406,1769.3837123991184,3266.9405722670563,1872.259721203227,3264.4314013206144,1962.5898752751273,3216.757153338223,2042.8833455612607,3088.7894350696974,2120.6676449009524,2923.1841526045473,2165.8327219369025,2782.6705796038136,2180.8877476155526,2607.0286133528966,2165.8327219369025,2428.877476155538,2130.7043286867192]],"bbox":[2024.9009537784289,1340.3154805575928,1242.0396184886274,840.5722670579598],"area":679511.2349274848},{"id":91,"iscrowd":0,"image_id":92,"category_id":1,"segmentation":[[2381.610120759055,2175.439907993098,2218.378378378377,2051.5411155836673,2159.3789534215052,1923.7090281771118,2149.545715928693,1795.8769407705563,2167.2455434157546,1723.1109833237479,2232.1449108683137,1642.4784358826898,2755.2731454859095,1302.2484186313964,2804.4393329499694,1327.8148361127073,3317.734330074753,1701.4778608395616,3361.000575043126,1805.7101782633683,3357.067280046001,1909.942495687175,3276.434732604943,1988.6083956296707,3093.5365152386407,2073.174238067854,2946.0379528464614,2134.140310523288,2796.5727429557196,2151.840138010349]],"bbox":[2149.545715928693,1302.2484186313964,1211.454859114433,873.1914893617018],"area":716315.8861037629},{"id":92,"iscrowd":0,"image_id":93,"category_id":1,"segmentation":[[2216.563011456627,1867.9705400981984,2283.7315875613735,1774.6808510638286,2520.6873977086725,1608.6252045826502,2783.764320785596,1451.898527004909,2839.7381342062176,1448.1669394435341,3076.693944353517,1599.2962356792134,3341.6366612111274,1800.801963993452,3397.610474631749,1899.6890343698842,3382.68412438625,1992.9787234042542,3332.30769230769,2067.61047463175,3156.923076923075,2173.960720130932,3000.1963993453337,2250.458265139115,2845.3355155482795,2308.2978723404244,2770.7037643207836,2317.6268412438612,2591.587561374794,2265.3846153846143,2425.5319148936155,2160.90016366612,2261.3420621931245,2062.0130932896877,2214.6972176759396,1992.9787234042542,2210.965630114565,1907.1522094926338]],"bbox":[2210.965630114565,1448.1669394435341,1186.644844517184,869.4599018003271],"area":669555.7330018933},{"id":93,"iscrowd":0,"image_id":94,"category_id":1,"segmentation":[[2141.931260229131,1966.8576104746307,2147.5286415711935,1871.7021276595733,2171.7839607201295,1791.4729950900153,2281.865793780686,1694.4517184942706,2690.474631751226,1408.985270049099,2733.387888707036,1401.5220949263494,2793.0932896890326,1433.240589198035,3231.5548281505708,1752.2913256955799,3291.2602291325675,1879.165302782323,3281.9312602291307,1992.9787234042542,3220.3600654664465,2155.3027823240577,3162.520458265137,2215.0081833060544,3015.122749590833,2241.129296235678,2709.1325695581,2222.471358428804,2436.72667757774,2166.497545008182,2216.563011456627,2060.1472995090003]],"bbox":[2141.931260229131,1401.5220949263494,1149.3289689034364,839.6072013093285],"area":664029.3495410107},{"id":94,"iscrowd":0,"image_id":95,"category_id":1,"segmentation":[[2202.1276595744666,2083.7234042553177,2202.1276595744666,1963.0851063829775,2207.8723404255306,1874.9999999999986,2309.361702127658,1752.446808510637,2301.702127659573,1729.4680851063817,2677.021276595743,1446.063829787233,2694.2553191489346,1451.8085106382969,3029.3617021276577,1677.7659574468073,3414.255319148934,1980.319148936169,3412.340425531913,2066.4893617021266,3086.808510638296,2192.8723404255306,2927.87234042553,2246.489361702126,2632.9787234042537,2284.787234042552,2405.1063829787217,2213.936170212765,2244.2553191489346,2137.3404255319138]],"bbox":[2202.1276595744666,1446.063829787233,1212.1276595744675,838.7234042553189],"area":638486.4418288813},{"id":95,"iscrowd":0,"image_id":96,"category_id":1,"segmentation":[[2297.8723404255306,2131.5957446808497,2234.6808510638284,2003.2978723404244,2221.2765957446795,1861.5957446808497,2253.8297872340413,1725.6382978723393,2372.55319148936,1549.468085106382,2527.6595744680835,1426.9148936170202,2709.574468085105,1312.0212765957438,2841.702127659573,1269.8936170212758,2899.148936170211,1285.212765957446,3071.4893617021257,1461.3829787234033,3188.2978723404235,1656.7021276595733,3249.5744680851044,1823.2978723404242,3255.319148936168,1989.8936170212755,3195.9574468085084,2162.23404255319,3102.127659574466,2265.638297872339,2966.1702127659555,2323.0851063829773,2839.7872340425515,2324.9999999999986,2726.808510638296,2257.978723404254,2678.9361702127644,2206.2765957446795,2659.7872340425515,2198.6170212765946,2542.9787234042537,2252.23404255319,2439.574468085105,2240.7446808510626,2349.574468085105,2183.2978723404244]],"bbox":[2221.2765957446795,1269.8936170212758,1034.0425531914884,1055.1063829787229],"area":790888.5468537791},{"id":96,"iscrowd":0,"image_id":97,"category_id":1,"segmentation":[[2440.4582651391147,1895.9574468085093,2533.7479541734847,1770.9492635024537,2561.7348608837956,1742.9623567921428,2845.3355155482795,1705.6464811783949,2905.0409165302763,1718.7070376432066,2919.9672667757754,1741.0965630114554,2737.119476268411,1996.710310965629,2455.384615384614,1929.5417348608828]],"bbox":[2440.4582651391147,1705.6464811783949,479.50900163666074,291.0638297872342],"area":86081.03749856024},{"id":97,"iscrowd":0,"image_id":98,"category_id":1,"segmentation":[[2593.4533551554814,2039.6235679214392,2578.527004909982,2022.8314238952526,2569.198036006545,1823.1914893617009,2774.4353518821586,1644.075286415711,2824.8117839607185,1623.5515548281494,2850.932896890342,1659.0016366612101,2865.859247135841,1808.2651391162017,2852.7986906710294,1929.5417348608828,2845.3355155482795,1951.9312602291316]],"bbox":[2569.198036006545,1623.5515548281494,296.66121112929613,416.0720130932898],"area":82991.48454011424},{"id":98,"iscrowd":0,"image_id":99,"category_id":1,"segmentation":[[2610.2454991816676,2017.2340425531904,2503.8952536824863,1683.256955810146,2524.4189852700474,1668.330605564647,2841.603927986905,1597.430441898526,2862.127659574466,1608.6252045826502,2888.2487725040896,1683.256955810146,2974.0752864157103,1925.810147299508,2974.0752864157103,1942.6022913256945,2875.188216039278,1972.4549918166929]],"bbox":[2503.8952536824863,1597.430441898526,470.1800327332239,419.8036006546645],"area":135778.4550025312},{"id":99,"iscrowd":0,"image_id":100,"category_id":1,"segmentation":[[2492.7004909983616,1912.7495908346962,2498.297872340424,1894.091653027822,2666.21931260229,1584.3698854337142,2938.6252045826495,1703.7806873977074,2765.1063829787217,2032.1603927986896,2746.4484451718477,2045.2209492635013,2490.8346972176746,1922.0785597381332]],"bbox":[2490.8346972176746,1584.3698854337142,447.7905073649749,460.8510638297871],"area":115072.35810468748},{"id":100,"iscrowd":0,"image_id":101,"category_id":1,"segmentation":[[2699.8036006546627,2067.61047463175,2479.63993453355,1742.9623567921428,2488.968903436987,1722.4386252045815,2727.7905073649736,1573.1751227495897,2759.5090016366594,1569.443535188215,2979.672667757772,1881.0310965630101,2989.0016366612094,1894.091653027822]],"bbox":[2479.63993453355,1569.443535188215,509.36170212765956,498.16693944353506],"area":135353.75025782065},{"id":101,"iscrowd":0,"image_id":102,"category_id":1,"segmentation":[[2576.6612111292948,1922.0785597381332,2580.392798690669,1576.9067103109646,2929.2962356792127,1580.6382978723393,2940.490998363337,1907.1522094926338,2934.8936170212746,1922.0785597381332]],"bbox":[2576.6612111292948,1576.9067103109646,363.8297872340422,345.1718494271686],"area":122377.62783234805},{"id":102,"iscrowd":0,"image_id":103,"category_id":1,"segmentation":[[2733.387888707036,2062.0130932896877,2522.55319148936,1802.6677577741395,2791.227495908345,1563.846153846153,3015.122749590833,1819.4599018003262]],"bbox":[2522.55319148936,1563.846153846153,492.5695581014729,498.16693944353483],"area":123176.56011850364}],"categories":[{"id":1,"name":"Topaz"}]}